City_ID,City,Country,Date,Lat,Lng,Max Temp,Humidity,Cloudiness,Wind Speed
0,Sri Aman,MY,2020-08-19 02:03:29,1.24,111.46,77.0,94,40,2.24
1,Hermanus,ZA,2020-08-19 02:03:29,-34.42,19.23,46.99,73,75,5.84
2,Geraldton,AU,2020-08-19 02:03:30,-28.77,114.6,59.0,77,44,10.29
3,Souillac,MU,2020-08-19 01:58:47,-20.52,57.52,71.6,68,40,10.29
4,Hofn,IS,2020-08-19 02:03:30,64.25,-15.21,48.27,84,100,19.06
5,Evanston,US,2020-08-19 01:59:10,42.04,-87.69,71.6,46,20,10.29
6,Rikitea,PF,2020-08-19 02:03:30,-23.12,-134.97,71.85,81,38,8.19
7,Kimparana,ML,2020-08-19 02:03:31,12.83,-4.92,77.32,85,100,1.68
8,Springbok,ZA,2020-08-19 02:03:31,-29.66,17.89,37.87,78,100,3.85
9,Ushuaia,AR,2020-08-19 01:59:37,-54.8,-68.3,32.0,90,40,13.87
10,Saint-Philippe,RE,2020-08-19 02:03:32,-21.36,55.77,62.6,77,40,4.7
11,Hithadhoo,MV,2020-08-19 02:03:32,-0.6,73.08,83.89,73,9,10.36
12,Khatanga,RU,2020-08-19 02:03:32,71.97,102.5,53.47,57,0,15.95
13,Vaini,TO,2020-08-19 02:03:32,-21.2,-175.2,73.4,100,90,14.99
14,Touros,BR,2020-08-19 02:03:32,-5.2,-35.46,73.4,94,20,3.36
15,Kapaa,US,2020-08-19 02:03:32,22.08,-159.32,80.01,83,90,16.11
16,Constitucion,CL,2020-08-19 02:03:33,-35.33,-72.42,46.87,78,35,9.46
17,Saint Anthony,US,2020-08-19 02:03:33,45.02,-93.22,75.2,50,1,3.36
18,Barrow,US,2020-08-19 02:03:33,71.29,-156.79,57.2,71,1,4.7
19,Bredasdorp,ZA,2020-08-19 02:02:02,-34.53,20.04,44.6,87,91,4.7
20,Zelenogorskiy,RU,2020-08-19 02:03:34,55.03,87.0,62.6,77,96,11.18
21,Chuy,UY,2020-08-19 02:01:51,-33.7,-53.46,50.83,91,0,5.93
22,Bambous Virieux,MU,2020-08-19 02:03:34,-20.34,57.76,71.6,68,40,10.29
23,Horsham,GB,2020-08-19 02:03:34,51.06,-0.33,61.0,93,100,3.36
24,Terrace Bay,CA,2020-08-19 02:03:34,48.78,-87.1,56.37,65,9,6.13
25,Atuona,PF,2020-08-19 02:01:42,-9.8,-139.03,79.07,73,1,20.74
26,New Norfolk,AU,2020-08-19 02:03:35,-42.78,147.06,55.0,80,64,1.01
27,Bluff,NZ,2020-08-19 02:01:48,-46.6,168.33,57.0,79,87,7.0
28,Benjamin Aceval,PY,2020-08-19 02:03:35,-24.97,-57.57,68.0,88,11,3.36
29,Gboko,NG,2020-08-19 02:03:35,7.32,9.0,73.92,93,100,11.63
30,Thompson,CA,2020-08-19 02:02:53,55.74,-97.86,64.4,72,75,8.05
31,Carnarvon,AU,2020-08-19 02:01:56,-24.87,113.63,62.6,63,52,16.11
32,Skoghall,SE,2020-08-19 02:03:36,59.32,13.47,60.01,93,73,5.82
33,Kaitangata,NZ,2020-08-19 01:58:46,-46.28,169.85,51.42,87,100,3.89
34,Aksarka,RU,2020-08-19 02:03:36,66.56,67.8,56.73,82,92,12.24
35,Puerto Lempira,HN,2020-08-19 02:03:37,15.27,-83.77,80.73,82,100,4.38
36,Klaksvik,FO,2020-08-19 02:02:38,62.23,-6.59,46.4,93,100,2.24
37,Tasiilaq,GL,2020-08-19 02:03:37,65.61,-37.64,44.6,70,73,4.7
38,Teknaf,BD,2020-08-19 02:03:37,20.86,92.31,80.56,88,100,12.48
39,Tura,IN,2020-08-19 02:02:33,25.52,90.22,80.1,82,3,4.94
40,Atar,MR,2020-08-19 02:03:38,20.52,-13.05,91.47,35,8,12.08
41,Alekseyevka,RU,2020-08-19 02:03:38,50.63,38.69,64.11,74,20,0.89
42,Port Alfred,ZA,2020-08-19 02:03:38,-33.59,26.89,53.42,69,35,26.91
43,Rocky Mountain House,CA,2020-08-19 02:03:20,52.37,-114.92,73.99,35,0,11.79
44,Severo-Kurilsk,RU,2020-08-19 02:03:39,50.68,156.12,52.2,85,100,14.92
45,Hasaki,JP,2020-08-19 01:59:13,35.73,140.83,90.0,66,75,3.36
46,Qaqortoq,GL,2020-08-19 02:03:34,60.72,-46.03,48.2,66,0,5.82
47,Mbandaka,CD,2020-08-19 02:03:39,0.05,18.26,72.59,83,29,4.38
48,Castro,BR,2020-08-19 02:01:55,-24.79,-50.01,57.72,93,90,6.42
49,Nikolsk,RU,2020-08-19 02:03:40,53.72,46.07,52.95,76,99,3.83
50,Khakhea,BW,2020-08-19 02:03:40,-24.69,23.49,32.22,74,0,9.28
51,Mataura,NZ,2020-08-19 02:03:40,-46.19,168.86,57.0,79,89,7.0
52,Soe,ID,2020-08-19 02:03:40,-9.86,124.28,80.44,38,63,6.22
53,Aberdeen,GB,2020-08-19 02:01:05,57.14,-2.1,59.0,93,90,2.24
54,Boa Vista,BR,2020-08-19 02:03:41,2.82,-60.67,80.6,78,20,3.36
55,Laem Sing,TH,2020-08-19 02:03:41,12.48,102.07,89.01,64,80,5.7
56,Bubaque,GW,2020-08-19 02:03:41,11.28,-15.83,80.31,84,100,14.88
57,Dhidhdhoo,MV,2020-08-19 02:03:41,6.88,73.1,81.93,72,84,6.78
58,Punta Arenas,CL,2020-08-19 02:03:41,-53.15,-70.92,32.0,87,78,9.17
59,Nantucket,US,2020-08-19 02:03:29,41.28,-70.1,69.8,88,1,12.75
60,Katsuura,JP,2020-08-19 02:03:42,35.13,140.3,93.0,74,75,5.82
61,General Roca,AR,2020-08-19 02:03:42,-39.03,-67.58,44.6,39,0,8.05
62,Gaoua,BF,2020-08-19 02:03:42,10.3,-3.25,72.73,96,100,7.38
63,Teguise,ES,2020-08-19 02:03:43,29.06,-13.56,71.6,83,0,27.51
64,Kampong Thum,KH,2020-08-19 02:03:43,12.71,104.89,82.54,77,71,2.04
65,Garissa,KE,2020-08-19 02:03:43,-0.45,39.64,75.06,72,99,17.58
66,Hilo,US,2020-08-19 02:01:51,19.73,-155.09,82.4,61,90,4.7
67,Lasem,ID,2020-08-19 02:03:43,-6.69,111.45,83.88,58,18,8.03
68,Longyearbyen,SJ,2020-08-19 02:03:44,78.22,15.64,44.6,70,75,10.29
69,Luderitz,NA,2020-08-19 02:03:44,-26.65,15.16,54.64,45,0,16.49
70,Kapit,MY,2020-08-19 02:03:44,2.02,112.93,74.64,94,100,2.86
71,Jamestown,US,2020-08-19 01:58:57,42.1,-79.24,64.99,77,1,6.93
72,Canto Do Buriti,BR,2020-08-19 02:03:44,-8.11,-42.94,73.13,54,0,5.73
73,Pisco,PE,2020-08-19 02:01:22,-13.7,-76.22,62.6,77,29,6.93
74,Morros,BR,2020-08-19 02:03:45,-9.45,-46.3,74.66,37,3,6.51
75,Nikolskoye,RU,2020-08-19 02:03:45,59.7,30.79,50.0,81,0,2.24
76,Chokurdakh,RU,2020-08-19 02:03:45,70.63,147.92,38.44,93,100,10.07
77,Gold Coast,AU,2020-08-19 01:59:17,-28.0,153.43,79.0,27,0,12.75
78,Nizwa,OM,2020-08-19 02:03:46,22.93,57.53,89.29,46,100,2.28
79,Wilmington,US,2020-08-19 01:59:10,34.23,-77.94,80.6,74,75,3.36
80,Youhao,CN,2020-08-19 02:03:46,47.87,128.83,62.83,47,74,3.38
81,Palana,RU,2020-08-19 02:03:46,59.12,159.97,52.34,98,100,6.44
82,Plettenberg Bay,ZA,2020-08-19 02:03:47,-34.05,23.37,50.4,77,81,13.31
83,Bethel,US,2020-08-19 02:03:47,41.37,-73.41,64.99,82,1,4.18
84,Nalut,LY,2020-08-19 02:03:47,30.33,10.85,85.51,20,16,10.83
85,Delta Del Tigre,UY,2020-08-19 02:03:47,-34.76,-56.39,51.8,62,0,6.93
86,Bengkulu,ID,2020-08-19 02:03:47,-3.8,102.27,83.82,68,7,3.56
87,Avarua,CK,2020-08-19 02:03:48,-21.21,-159.78,75.2,73,33,18.34
88,Takoradi,GH,2020-08-19 02:03:48,4.88,-1.76,75.33,87,95,7.94
89,Moose Factory,CA,2020-08-19 02:03:48,51.26,-80.61,51.8,87,90,2.24
90,Prince Rupert,CA,2020-08-19 02:03:05,54.32,-130.32,62.6,67,20,4.7
91,Lazaro Cardenas,MX,2020-08-19 02:03:48,17.96,-102.2,79.16,81,97,4.65
92,Nome,US,2020-08-19 02:03:49,64.5,-165.41,70.0,63,1,5.82
93,Chipinge,ZW,2020-08-19 02:03:49,-20.19,32.62,61.57,62,84,4.72
94,Mahebourg,MU,2020-08-19 02:03:49,-20.41,57.7,71.6,68,40,10.29
95,Maragogi,BR,2020-08-19 02:03:36,-9.01,-35.22,72.91,81,38,10.76
96,San Matias,BO,2020-08-19 02:03:49,-16.37,-58.4,83.75,21,0,5.88
97,Atikokan,CA,2020-08-19 02:03:50,48.76,-91.62,59.76,73,61,5.08
98,Cercal,PT,2020-08-19 02:03:50,37.81,-8.67,66.0,92,8,3.0
99,Sambava,MG,2020-08-19 02:01:44,-14.27,50.17,65.34,83,49,7.78
100,Sao Joao Da Barra,BR,2020-08-19 02:02:02,-21.64,-41.05,73.51,79,0,24.52
101,Tautira,PF,2020-08-19 02:01:34,-17.73,-149.15,84.2,62,40,8.05
102,College,US,2020-08-19 02:03:51,64.86,-147.8,75.2,35,40,1.92
103,Pevek,RU,2020-08-19 02:03:51,69.7,170.31,44.06,71,53,12.3
104,Yumen,CN,2020-08-19 02:03:51,40.28,97.2,78.48,17,0,17.87
105,Mujiayingzi,CN,2020-08-19 02:03:51,42.12,118.78,64.83,78,100,8.39
106,Dubbo,AU,2020-08-19 02:01:11,-32.25,148.62,60.8,44,0,24.16
107,Sidhi,IN,2020-08-19 02:03:52,24.42,81.88,80.4,87,20,8.1
108,Saint-Pierre,RE,2020-08-19 02:03:52,-21.34,55.48,62.6,77,40,4.7
109,Ambanja,MG,2020-08-19 02:03:52,-13.68,48.45,66.31,81,46,4.56
110,Airai,TL,2020-08-19 02:03:52,-8.93,125.41,75.65,32,3,4.18
111,Aklavik,CA,2020-08-19 02:03:22,68.22,-135.01,62.6,51,20,5.82
112,Mglin,RU,2020-08-19 02:03:53,53.06,32.85,62.33,91,100,6.51
113,Faanui,PF,2020-08-19 02:03:53,-16.48,-151.75,78.01,76,0,19.19
114,Lar,IN,2020-08-19 02:03:54,26.2,83.97,86.83,72,0,7.87
115,Rawson,AR,2020-08-19 02:03:13,-43.3,-65.1,39.29,74,78,27.25
116,Albany,US,2020-08-19 02:03:54,42.6,-73.97,69.01,93,0,4.56
117,Peniche,PT,2020-08-19 02:03:54,39.36,-9.38,69.01,92,17,7.0
118,Khani,GE,2020-08-19 02:03:54,41.96,42.96,64.4,93,40,2.24
119,Yellowknife,CA,2020-08-19 02:03:54,62.46,-114.35,64.4,68,75,8.05
120,Harper,LR,2020-08-19 02:03:55,4.38,-7.72,75.29,87,97,8.03
121,Tuktoyaktuk,CA,2020-08-19 02:03:55,69.45,-133.04,62.6,55,20,9.17
122,Hobart,AU,2020-08-19 02:03:29,-42.88,147.33,55.0,58,40,11.41
123,Kruisfontein,ZA,2020-08-19 02:03:55,-34.0,24.73,48.43,77,99,19.08
124,Berlevag,NO,2020-08-19 02:00:43,70.86,29.09,50.29,83,90,9.42
125,Dingle,PH,2020-08-19 02:02:37,11.0,122.67,83.48,78,100,6.04
126,Besenyszog,HU,2020-08-19 02:03:56,47.3,20.27,66.2,100,100,2.24
127,Guiratinga,BR,2020-08-19 02:03:56,-16.35,-53.76,77.45,22,0,4.54
128,Georgetown,MY,2020-08-19 02:03:56,5.41,100.34,82.4,88,20,3.36
129,Fort Pierce,US,2020-08-19 02:03:57,27.45,-80.33,79.0,88,1,3.36
130,Dzhebariki-Khaya,RU,2020-08-19 02:03:57,62.22,135.8,65.43,40,0,2.8
131,Butaritari,KI,2020-08-19 02:03:57,3.07,172.79,83.79,70,0,9.73
132,Puerto Ayora,EC,2020-08-19 02:03:58,-0.74,-90.35,66.99,95,86,4.0
133,Krasnoye,UA,2020-08-19 02:03:58,49.91,24.61,59.0,93,37,2.24
134,Am Timan,TD,2020-08-19 02:02:56,11.03,20.28,72.48,91,100,4.0
135,Labuhan,ID,2020-08-19 02:02:53,-6.88,112.21,82.2,65,1,6.33
136,Gadung,PH,2020-08-19 02:03:59,6.8,124.02,83.23,67,81,4.97
137,Wonthaggi,AU,2020-08-19 02:03:59,-38.6,145.59,52.0,92,100,13.98
138,Tokur,RU,2020-08-19 02:03:59,53.13,132.9,46.47,93,100,2.62
139,Busselton,AU,2020-08-19 02:03:59,-33.65,115.33,57.99,65,45,1.92
140,Mount Pleasant,US,2020-08-19 02:03:59,32.79,-79.86,79.0,100,20,7.34
141,Lichinga,MZ,2020-08-19 02:04:00,-13.31,35.24,59.0,72,100,3.36
142,Palu,ID,2020-08-19 02:00:42,-0.89,119.87,88.11,51,84,0.2
143,Okhotsk,RU,2020-08-19 02:04:00,59.38,143.3,55.2,83,100,11.79
144,Mehamn,NO,2020-08-19 02:04:00,71.04,27.85,49.71,83,96,6.15
145,Terra Santa,BR,2020-08-19 02:04:01,-2.1,-56.49,81.07,51,22,0.83
146,Sakakah,SA,2020-08-19 02:01:00,29.97,40.21,78.8,22,0,3.36
147,Isangel,VU,2020-08-19 02:04:01,-19.55,169.27,78.8,65,20,8.05
148,Mar Del Plata,AR,2020-08-19 02:04:01,-38.0,-57.56,42.01,70,52,9.17
149,Batemans Bay,AU,2020-08-19 02:04:02,-35.72,150.18,57.0,68,91,1.99
150,Upernavik,GL,2020-08-19 02:04:02,72.79,-56.15,46.47,69,100,8.01
151,Karasjok,NO,2020-08-19 02:04:02,69.47,25.51,50.0,87,99,6.93
152,Qaanaaq,GL,2020-08-19 02:04:02,77.48,-69.36,44.04,81,100,5.23
153,Henties Bay,NA,2020-08-19 02:04:02,-22.12,14.28,54.64,62,0,5.26
154,Muriwai Beach,NZ,2020-08-19 02:04:03,-36.82,174.45,62.01,94,100,1.01
155,Cape Town,ZA,2020-08-19 02:04:03,-33.93,18.42,48.99,81,75,2.24
156,Stavern,NO,2020-08-19 02:04:03,59.0,10.03,64.4,100,90,1.12
157,Tibati,CM,2020-08-19 02:04:04,6.47,12.63,67.1,97,100,2.59
158,Kavieng,PG,2020-08-19 02:04:04,-2.57,150.8,83.89,72,34,7.92
159,Zlobin,HR,2020-08-19 02:04:04,45.29,14.65,68.0,77,47,5.82
160,Norman Wells,CA,2020-08-19 02:04:05,65.28,-126.83,60.8,67,90,3.36
161,Bowen,AU,2020-08-19 02:04:05,-20.02,148.23,82.4,48,0,14.99
162,Port Elizabeth,ZA,2020-08-19 02:04:05,-33.92,25.57,50.0,87,75,19.46
163,Matara,LK,2020-08-19 02:04:05,5.95,80.54,80.11,83,100,8.75
164,Bontang,ID,2020-08-19 02:04:06,0.13,117.5,80.38,83,100,7.11
165,Ayan,RU,2020-08-19 02:04:06,56.45,138.17,53.62,78,100,12.64
166,Faya,SA,2020-08-19 02:01:55,18.39,42.45,71.6,64,20,2.3
167,Cabo San Lucas,MX,2020-08-19 02:03:05,22.89,-109.91,86.0,62,90,5.82
168,Provideniya,RU,2020-08-19 02:04:07,64.38,-173.3,55.4,66,87,8.95
169,Sandwick,GB,2020-08-19 02:04:07,60.0,-1.25,57.2,100,100,1.12
170,Flin Flon,CA,2020-08-19 02:00:50,54.77,-101.86,68.83,69,0,5.91
171,Bilibino,RU,2020-08-19 02:04:08,68.05,166.44,52.12,52,83,9.44
172,Taoudenni,ML,2020-08-19 02:04:08,22.68,-3.98,97.86,31,0,7.05
173,Katangli,RU,2020-08-19 02:04:08,51.71,143.23,63.9,72,26,17.58
174,Vila Velha,BR,2020-08-19 02:04:09,-20.33,-40.29,73.4,83,40,6.93
175,Flinders,AU,2020-08-19 02:04:09,-34.58,150.86,68.0,42,18,10.0
176,Wajir,KE,2020-08-19 02:00:42,1.75,40.06,72.82,80,88,15.73
177,Hambantota,LK,2020-08-19 02:00:44,6.12,81.12,77.0,100,100,8.05
178,Oskarshamn,SE,2020-08-19 02:04:10,57.26,16.45,57.99,100,34,5.39
179,Pontes E Lacerda,BR,2020-08-19 02:04:10,-15.23,-59.34,78.3,25,0,2.26
180,East London,ZA,2020-08-19 02:04:10,-33.02,27.91,54.84,62,88,28.88
181,Lochgilphead,GB,2020-08-19 02:04:10,56.04,-5.43,60.01,95,44,1.81
182,Vestmannaeyjar,IS,2020-08-19 02:04:10,63.44,-20.27,51.44,88,37,19.24
183,Saldanha,ZA,2020-08-19 02:01:58,-33.01,17.94,42.8,87,33,1.12
184,Diglur,IN,2020-08-19 02:04:11,18.55,77.6,75.81,88,99,8.75
185,Kidal,ML,2020-08-19 02:04:11,18.44,1.41,93.78,21,4,13.06
186,Dubuque,US,2020-08-19 02:04:10,42.48,-90.87,69.8,60,1,3.36
187,Nanortalik,GL,2020-08-19 02:04:11,60.14,-45.24,47.61,69,0,4.14
188,Port Lincoln,AU,2020-08-19 02:04:12,-34.73,135.87,57.0,66,2,24.99
189,Santa Barbara,US,2020-08-19 02:02:40,34.42,-119.7,89.01,64,1,6.93
190,Arraial Do Cabo,BR,2020-08-19 02:00:05,-22.97,-42.03,73.4,83,0,13.87
191,Avera,US,2020-08-19 02:04:12,33.19,-82.53,73.4,72,1,4.7
192,Pokrovsk,UA,2020-08-19 02:04:12,48.28,37.18,66.13,58,5,0.98
193,Ribeira Grande,PT,2020-08-19 02:04:13,38.52,-28.7,71.11,79,78,20.02
194,Cidreira,BR,2020-08-19 02:01:49,-30.18,-50.21,62.22,96,100,5.06
195,Virginia Beach,US,2020-08-19 02:00:10,36.85,-75.98,78.8,78,75,5.82
196,Hualmay,PE,2020-08-19 02:04:13,-11.1,-77.61,59.45,84,49,11.68
197,Shelburne,CA,2020-08-19 02:04:13,44.08,-80.2,59.0,77,1,4.7
198,Nouakchott,MR,2020-08-19 02:02:03,18.09,-15.98,80.6,78,40,13.87
199,Muriti,TZ,2020-08-19 02:04:14,-1.98,32.92,68.0,88,20,5.82
200,Nemuro,JP,2020-08-19 02:04:14,43.32,145.57,77.0,73,20,13.87
201,Kelo,TD,2020-08-19 02:04:14,9.31,15.81,72.86,92,100,4.85
202,Tinskoy,RU,2020-08-19 02:04:14,56.15,96.92,67.84,66,100,1.9
203,Bara,NG,2020-08-19 02:04:15,10.37,10.73,74.62,92,78,6.06
204,Pacific Grove,US,2020-08-19 02:04:15,36.62,-121.92,81.0,47,90,6.93
205,Changping,CN,2020-08-19 02:04:15,40.22,116.22,77.0,69,100,4.47
206,Elliot Lake,CA,2020-08-19 02:04:16,46.38,-82.63,64.4,55,40,9.17
207,Zyryanka,RU,2020-08-19 02:04:16,65.75,150.85,62.56,41,37,3.42
208,Westport,US,2020-08-19 02:04:16,41.14,-73.36,78.8,47,75,3.36
209,Kismayo,SO,2020-08-19 02:04:16,-0.36,42.55,76.78,81,86,13.58
210,Yellandu,IN,2020-08-19 02:04:17,17.6,80.33,77.14,90,100,9.04
211,Menongue,AO,2020-08-19 02:02:07,-14.66,17.69,49.44,44,1,4.36
212,Vincennes,FR,2020-08-19 02:04:17,48.85,2.43,68.0,82,100,4.7
213,Codrington,AU,2020-08-19 02:04:17,-38.27,141.97,53.55,73,96,16.55
214,Ponta Do Sol,PT,2020-08-19 02:04:17,32.67,-17.1,71.6,78,20,1.3
215,Kirakira,SB,2020-08-19 02:04:18,-10.45,161.92,84.76,72,99,10.36
216,Ahuimanu,US,2020-08-19 02:04:18,21.44,-157.84,84.2,65,75,11.41
217,Clermont,FR,2020-08-19 02:04:18,49.5,2.42,64.4,88,100,4.7
218,Dikson,RU,2020-08-19 02:04:18,73.51,80.55,54.52,72,0,10.02
219,Kodiak,US,2020-08-19 02:01:39,57.79,-152.41,56.08,77,73,4.36
220,Anadyr,RU,2020-08-19 02:02:12,64.75,177.48,57.2,58,40,6.71
221,Sitka,US,2020-08-19 02:04:19,57.05,-135.33,55.4,93,90,3.36
222,Karratha,AU,2020-08-19 02:01:28,-20.74,116.85,75.07,25,0,19.95
223,Anaconda,US,2020-08-19 02:04:20,46.13,-112.94,84.2,23,1,9.17
224,Ilulissat,GL,2020-08-19 02:04:20,69.22,-51.1,48.2,49,95,6.78
225,Manoel Urbano,BR,2020-08-19 02:04:20,-8.84,-69.26,80.1,63,0,3.18
226,Jibuti,DJ,2020-08-19 02:03:05,11.5,42.5,96.8,34,40,20.4
227,Kunming,CN,2020-08-19 02:03:40,25.04,102.72,64.0,100,90,8.95
228,Namibe,AO,2020-08-19 02:04:21,-15.2,12.15,59.52,80,0,0.96
229,Olafsvik,IS,2020-08-19 02:04:21,64.89,-23.71,50.43,82,93,12.77
230,Batagay-Alyta,RU,2020-08-19 02:04:21,67.8,130.41,42.93,76,100,20.62
231,Healdsburg,US,2020-08-19 02:02:51,38.61,-122.87,98.01,32,20,4.7
232,Axim,GH,2020-08-19 02:04:22,4.87,-2.24,75.63,86,98,8.21
233,Sioni,GE,2020-08-19 02:04:22,41.99,45.02,69.8,64,20,2.17
234,Port Keats,AU,2020-08-19 02:04:22,-14.25,129.55,85.8,53,38,6.76
235,Makakilo City,US,2020-08-19 02:00:01,21.35,-158.09,84.2,54,90,12.75
236,Ketchikan,US,2020-08-19 02:04:23,55.34,-131.65,57.2,87,90,8.05
237,Portland,US,2020-08-19 01:59:48,45.52,-122.68,84.0,42,20,11.41
238,Goderich,CA,2020-08-19 02:02:27,43.75,-81.72,66.0,70,0,13.49
239,Lebu,CL,2020-08-19 02:04:23,-37.62,-73.65,44.94,74,0,13.58
240,Gordeyevka,RU,2020-08-19 02:04:23,52.96,31.97,63.55,86,96,5.35
241,Lompoc,US,2020-08-19 02:00:34,34.64,-120.46,75.0,60,1,10.29
242,Havoysund,NO,2020-08-19 02:04:24,71.0,24.66,48.2,100,100,11.41
243,Esperance,AU,2020-08-19 02:04:24,-33.87,121.9,51.8,100,90,13.87
244,Kawalu,ID,2020-08-19 02:04:25,-7.38,108.21,75.24,80,87,3.85
245,Saskylakh,RU,2020-08-19 02:04:25,71.92,114.08,45.68,67,100,9.28
246,Totness,SR,2020-08-19 02:04:25,5.88,-56.32,79.2,88,65,10.96
247,Basoko,CD,2020-08-19 02:04:25,1.24,23.62,73.53,85,100,1.7
248,Fairbanks,US,2020-08-19 02:04:25,64.84,-147.72,75.2,33,90,4.7
249,Sobolevo,RU,2020-08-19 02:04:26,54.43,31.9,57.4,89,98,6.06
250,Lukovetskiy,RU,2020-08-19 02:04:26,64.3,41.92,33.8,95,20,4.43
251,Benito Juarez,MX,2020-08-19 01:59:54,19.39,-99.17,69.8,49,75,12.75
252,Qena,EG,2020-08-19 02:04:26,26.16,32.72,84.2,42,0,7.63
253,Mezen,RU,2020-08-19 02:04:26,65.85,44.24,43.12,90,98,6.11
254,Quatre Cocos,MU,2020-08-19 02:02:52,-20.21,57.76,71.6,68,40,10.29
255,Cherskiy,RU,2020-08-19 02:04:27,68.75,161.3,44.49,87,100,7.02
256,Karabash,RU,2020-08-19 02:04:27,55.48,60.22,45.61,80,100,17.67
257,Katubao,PH,2020-08-19 02:04:27,5.89,124.83,85.17,62,31,3.83
258,Kahului,US,2020-08-19 02:02:16,20.89,-156.47,87.8,48,40,16.11
259,Yar-Sale,RU,2020-08-19 02:03:41,66.83,70.83,57.13,77,100,15.05
260,Erzin,TR,2020-08-19 02:04:28,36.96,36.2,78.01,87,7,0.58
261,Lasa,IT,2020-08-19 02:04:28,46.62,10.7,53.6,100,75,3.36
262,Muros,ES,2020-08-19 02:04:28,42.78,-9.06,69.01,90,100,15.01
263,Hamilton,US,2020-08-19 02:02:30,39.18,-84.53,66.99,100,75,8.46
264,Los Llanos De Aridane,ES,2020-08-19 02:01:56,28.66,-17.92,72.0,83,0,11.41
265,Mareeba,AU,2020-08-19 02:03:34,-17.0,145.43,87.01,37,33,1.99
266,Broken Hill,AU,2020-08-19 02:04:29,-31.95,141.43,55.4,50,90,29.97
267,Tuatapere,NZ,2020-08-19 02:04:29,-46.13,167.68,57.0,79,100,7.0
268,Shimoda,JP,2020-08-19 02:04:30,34.67,138.95,84.2,79,75,10.29
269,Petatlan,MX,2020-08-19 02:03:07,17.52,-101.27,78.31,83,100,3.74
270,Soltsy,RU,2020-08-19 02:04:30,58.12,30.32,52.05,85,63,3.27
271,Nikolayevsk-Na-Amure,RU,2020-08-19 02:04:30,53.14,140.73,57.34,86,97,13.76
272,Kieta,PG,2020-08-19 02:00:14,-6.22,155.63,84.04,69,8,5.32
273,Talnakh,RU,2020-08-19 02:04:31,69.49,88.4,66.2,42,5,11.18
274,Hirara,JP,2020-08-19 02:04:31,24.8,125.28,87.8,79,40,10.29
275,Waynesboro,US,2020-08-19 02:02:11,38.07,-78.89,70.0,100,1,3.36
276,Broome,US,2020-08-19 02:04:31,42.25,-75.83,64.4,59,1,6.93
277,Ryotsu,JP,2020-08-19 02:04:32,38.08,138.43,86.0,55,53,2.24
278,San Patricio,MX,2020-08-19 02:04:32,19.22,-104.7,77.0,94,90,5.82
279,Poum,NC,2020-08-19 02:04:32,-20.23,164.02,69.39,69,6,2.59
280,Alexandria,EG,2020-08-19 02:01:35,31.22,29.96,78.8,61,0,6.93
281,Buala,SB,2020-08-19 02:04:33,-8.14,159.59,85.5,68,49,4.88
282,Laguna,US,2020-08-19 02:02:32,38.42,-121.42,104.0,24,75,9.17
283,Newcastle,AU,2020-08-19 02:04:33,-32.93,151.78,70.0,43,0,28.86
284,Meadow Lake,US,2020-08-19 02:02:07,34.8,-106.54,89.6,18,75,11.41
285,Malumfashi,NG,2020-08-19 02:04:34,11.79,7.62,70.03,88,0,7.54
286,Thessalon,CA,2020-08-19 02:04:34,46.25,-83.57,60.8,72,75,3.36
287,Kaoma,ZM,2020-08-19 02:04:34,-14.78,24.8,55.74,38,0,5.01
288,Pithapuram,IN,2020-08-19 02:00:12,17.12,82.27,82.4,69,75,6.93
289,Yangjiang,CN,2020-08-19 02:04:35,21.85,111.97,76.55,90,100,21.85
290,Richards Bay,ZA,2020-08-19 02:04:36,-28.78,32.04,56.21,48,0,10.09
291,Waycross,US,2020-08-19 02:03:24,31.21,-82.35,71.6,83,75,4.23
292,Sagua La Grande,CU,2020-08-19 02:04:36,22.81,-80.08,80.6,83,75,8.05
293,Ornskoldsvik,SE,2020-08-19 02:04:36,63.29,18.72,60.8,87,49,2.24
294,Kars,TR,2020-08-19 02:04:36,40.6,43.09,55.4,76,40,9.17
295,Umm Kaddadah,SD,2020-08-19 02:04:37,13.6,26.69,77.86,73,100,8.97
296,Keti Bandar,PK,2020-08-19 02:04:37,24.14,67.45,84.6,78,100,11.83
297,Corinto,GR,2020-08-19 02:04:37,37.94,22.96,75.0,64,0,1.01
298,Zaranj,AF,2020-08-19 02:04:13,30.97,61.88,76.73,28,0,19.82
299,Alofi,NU,2020-08-19 02:01:06,-19.06,-169.92,76.86,84,83,22.77
300,Kampene,CD,2020-08-19 02:04:38,-3.6,26.67,71.46,76,0,1.77
301,Mount Isa,AU,2020-08-19 02:00:18,-20.73,139.5,86.0,13,2,14.99
302,Antofagasta,CL,2020-08-19 02:00:15,-23.65,-70.4,57.2,62,75,8.05
303,Lianran,CN,2020-08-19 02:04:38,24.92,102.48,64.0,100,90,8.95
304,Ronda,ES,2020-08-19 02:04:39,36.74,-5.17,72.0,44,0,2.33
305,Vestmanna,FO,2020-08-19 02:04:39,62.16,-7.17,46.4,93,79,2.24
306,Torbay,CA,2020-08-19 02:04:35,47.67,-52.73,57.99,100,90,21.92
307,Samarai,PG,2020-08-19 02:04:39,-10.62,150.67,76.41,64,97,8.03
308,Valparaiso,CL,2020-08-19 02:04:39,-33.04,-71.63,51.01,68,100,8.16
309,Namtsy,RU,2020-08-19 02:04:40,62.72,129.67,62.6,36,22,4.47
310,Juba,SS,2020-08-19 02:04:40,4.85,31.58,69.84,96,100,0.2
311,Cockburn Town,TC,2020-08-19 02:04:40,21.46,-71.14,83.5,80,0,18.66
312,Koutiala,ML,2020-08-19 02:04:41,12.39,-5.46,76.48,88,100,1.03
313,Palenque,MX,2020-08-19 02:04:41,17.52,-91.97,77.02,88,100,3.0
314,Beringovskiy,RU,2020-08-19 02:00:36,63.05,179.32,54.54,57,0,7.78
315,Douglasville,US,2020-08-19 02:01:25,33.75,-84.75,78.8,65,90,1.7
316,Rabaul,PG,2020-08-19 02:04:42,-4.2,152.17,84.99,66,100,10.83
317,Nanakuli,US,2020-08-19 02:04:42,21.39,-158.15,84.2,54,90,12.75
318,Beyneu,KZ,2020-08-19 02:04:30,45.32,55.2,66.65,70,0,5.91
319,Farafenni,GM,2020-08-19 02:04:42,13.57,-15.6,78.89,85,100,7.45
320,Barbalha,BR,2020-08-19 02:00:05,-7.31,-39.3,71.35,62,1,6.87
321,Edenderry,IE,2020-08-19 02:04:43,53.35,-7.05,59.0,77,100,2.24
322,Coxim,BR,2020-08-19 02:04:43,-18.51,-54.76,80.1,25,0,4.03
323,Almaznyy,RU,2020-08-19 02:04:43,48.04,40.05,60.8,67,36,4.47
324,Macenta,GN,2020-08-19 02:04:43,8.54,-9.47,69.44,98,93,2.33
325,Svetlyy,RU,2020-08-19 02:02:56,54.67,20.13,63.0,82,23,2.24
326,Saint Paul,US,2020-08-19 02:00:38,44.94,-93.09,75.2,60,1,5.82
327,Lorengau,PG,2020-08-19 02:04:33,-2.02,147.27,84.15,73,21,9.31
328,Caravelas,BR,2020-08-19 02:04:42,-17.71,-39.25,72.25,85,7,6.46
329,Minab,IR,2020-08-19 02:04:45,27.15,57.08,87.8,74,42,3.36
330,Smithers,CA,2020-08-19 02:03:32,54.78,-127.17,68.0,30,40,6.38
331,Voh,NC,2020-08-19 02:04:46,-20.97,164.7,77.63,43,0,6.15
332,Husavik,IS,2020-08-19 02:04:46,66.04,-17.34,50.0,76,90,2.24
333,Khandyga,RU,2020-08-19 02:02:08,62.67,135.6,64.92,42,2,2.68
334,Egvekinot,RU,2020-08-19 02:04:46,66.32,-179.17,52.39,61,92,5.59
335,Kita,ML,2020-08-19 02:04:47,13.03,-9.49,74.08,96,100,5.82
336,Lodwar,KE,2020-08-19 02:04:47,3.12,35.6,80.46,54,85,8.93
337,Linaon,PH,2020-08-19 02:04:47,9.95,122.45,82.33,75,97,7.43
338,Ahipara,NZ,2020-08-19 02:04:47,-35.17,173.17,60.58,81,26,11.88
339,Parati,BR,2020-08-19 02:01:38,-23.22,-44.71,69.55,76,0,3.31
340,Ararat,AM,2020-08-19 02:04:48,39.83,44.7,66.2,55,0,3.36
341,Halifax,CA,2020-08-19 02:03:19,44.65,-63.57,66.2,77,75,3.36
342,Aloleng,PH,2020-08-19 02:04:48,16.13,119.78,85.14,70,20,1.59
343,San Pedro,PH,2020-08-19 02:04:48,14.35,121.02,86.0,80,84,5.01
344,Tulun,RU,2020-08-19 02:04:49,54.56,100.58,63.37,70,0,7.16
345,Puerto Leguizamo,CO,2020-08-19 02:04:49,-0.19,-74.78,76.41,84,45,1.14
346,Bathsheba,BB,2020-08-19 02:04:49,13.22,-59.52,82.4,78,40,18.34
347,Petropavlovsk-Kamchatskiy,RU,2020-08-19 02:04:50,53.05,158.65,59.0,72,40,13.42
348,Alice Springs,AU,2020-08-19 02:01:47,-23.7,133.88,64.4,23,0,9.17
349,Orlik,RU,2020-08-19 02:04:50,52.52,99.83,63.09,54,0,2.42
350,Rabo De Peixe,PT,2020-08-19 02:04:50,37.8,-25.58,75.2,88,75,25.28
351,Kamaishi,JP,2020-08-19 02:04:51,39.27,141.88,80.6,65,20,2.24
352,Karaton,ID,2020-08-19 02:04:51,-6.34,106.1,84.2,70,20,4.7
353,Yulara,AU,2020-08-19 02:01:07,-25.24,130.99,62.6,29,0,9.17
354,Ostrovnoy,RU,2020-08-19 02:04:52,68.05,39.51,44.08,81,0,4.85
355,Varberg,SE,2020-08-19 02:04:52,57.11,12.25,66.0,91,100,1.99
356,Yei,SS,2020-08-19 02:04:52,4.09,30.68,67.42,96,100,0.81
357,San Juan,AR,2020-08-19 02:04:52,-31.54,-68.54,52.43,43,64,17.09
358,Schneeberg,DE,2020-08-19 02:04:53,50.6,12.63,57.0,97,28,8.99
359,Luvianos,MX,2020-08-19 02:04:53,18.92,-100.4,63.5,100,100,2.08
360,Payakumbuh,ID,2020-08-19 02:04:54,-0.22,100.63,78.4,70,95,2.15
361,Bud,US,2020-08-19 02:04:54,39.45,-86.18,71.01,82,40,9.53
362,Ambilobe,MG,2020-08-19 02:04:54,-13.2,49.05,63.95,71,48,5.1
363,Anloga,GH,2020-08-19 02:04:54,5.79,0.9,77.0,88,20,10.29
364,El Bagre,CO,2020-08-19 02:04:55,7.59,-74.81,75.54,95,81,0.38
365,San Carlos De Bariloche,AR,2020-08-19 02:04:55,-41.15,-71.31,26.6,58,20,8.05
366,Annan,GB,2020-08-19 02:04:55,54.99,-3.26,61.0,100,63,8.05
367,Bayburt,TR,2020-08-19 02:04:56,40.26,40.23,51.84,86,0,0.81
368,Baykit,RU,2020-08-19 02:04:56,61.67,96.37,65.73,47,100,4.18
369,San Borja,BO,2020-08-19 02:04:56,-14.82,-66.85,78.93,58,24,2.08
370,Bay Roberts,CA,2020-08-19 02:04:56,47.6,-53.26,57.99,1,99,17.43
371,Sinnamary,GF,2020-08-19 02:04:57,5.38,-52.95,78.42,85,0,7.92
372,Gangarampur,IN,2020-08-19 02:04:57,25.4,88.52,83.28,80,28,11.12
373,Sao Filipe,CV,2020-08-19 02:04:57,14.9,-24.5,78.01,88,47,8.77
374,Lagoa,PT,2020-08-19 02:03:03,39.05,-27.98,70.45,77,31,21.59
375,Alyangula,AU,2020-08-19 02:02:29,-13.85,136.42,82.4,61,35,8.05
376,Bilma,NE,2020-08-19 02:04:58,18.69,12.92,91.92,15,0,8.52
377,Lovozero,RU,2020-08-19 02:04:58,68.0,35.01,47.53,81,100,2.64
378,Tuy Hoa,VN,2020-08-19 02:04:40,13.08,109.3,83.68,70,100,12.28
379,Mugur-Aksy,RU,2020-08-19 02:04:59,50.35,90.5,50.65,76,100,6.49
380,Ugoofaaru,MV,2020-08-19 02:04:59,5.67,73.0,81.86,68,50,4.94
381,Itarema,BR,2020-08-19 02:04:59,-2.92,-39.92,77.74,76,62,16.71
382,Namatanai,PG,2020-08-19 02:05:00,-3.67,152.43,83.61,69,54,7.45
383,Saint-Francois,FR,2020-08-19 02:05:00,46.42,3.91,63.0,88,100,2.66
384,Yeppoon,AU,2020-08-19 02:05:00,-23.13,150.73,80.6,51,0,10.29
385,Nakambala,ZM,2020-08-19 02:05:01,-15.83,27.78,59.25,64,0,3.69
386,Triolet,MU,2020-08-19 02:05:01,-20.05,57.55,66.99,82,63,5.99
387,Cayenne,GF,2020-08-19 02:00:59,4.93,-52.33,80.6,88,90,2.24
388,Nuevo Progreso,MX,2020-08-19 02:05:02,23.17,-97.95,82.0,66,98,1.99
389,Tiquicheo,MX,2020-08-19 02:05:02,18.88,-100.73,75.74,84,100,0.76
390,Marsh Harbour,BS,2020-08-19 02:00:07,26.54,-77.06,84.7,71,60,8.57
391,Llata,PE,2020-08-19 02:05:03,-9.42,-76.78,50.36,77,44,2.86
392,Ryuo,JP,2020-08-19 02:05:04,35.65,138.5,95.0,49,95,3.0
393,Rio De Janeiro,BR,2020-08-19 02:00:06,-22.9,-43.21,75.2,83,0,3.4
394,Baker City,US,2020-08-19 02:03:57,44.77,-117.83,89.6,31,1,6.93
395,Whitehorse,CA,2020-08-19 02:02:32,60.72,-135.05,62.01,48,75,3.36
396,Toktogul,KG,2020-08-19 02:05:05,41.87,72.94,64.49,61,13,0.13
397,Kenai,US,2020-08-19 02:05:05,60.55,-151.26,62.6,59,90,9.17
398,Walvis Bay,NA,2020-08-19 02:05:05,-22.96,14.51,46.4,81,0,5.82
399,Barranca,PE,2020-08-19 02:05:05,-10.75,-77.77,59.52,85,68,9.33
400,Goundam,ML,2020-08-19 02:05:06,16.41,-3.67,88.11,48,100,7.65
401,Lubsko,PL,2020-08-19 02:05:06,51.78,14.97,63.0,94,100,1.01
402,Qingdao,CN,2020-08-19 02:05:07,36.1,120.37,87.8,79,75,11.18
403,Mouila,GA,2020-08-19 02:05:07,-1.87,11.06,75.24,82,100,2.48
404,Tarauaca,BR,2020-08-19 02:05:07,-8.16,-70.77,77.99,70,1,3.53
405,San Andres,CO,2020-08-19 02:02:03,12.58,-81.7,80.6,94,75,2.24
406,Phangnga,TH,2020-08-19 02:05:08,8.45,98.53,82.4,88,40,3.33
407,Torbat-E Jam,IR,2020-08-19 02:05:08,35.24,60.62,65.17,36,0,8.68
408,Barcelos,PT,2020-08-19 02:05:08,41.54,-8.62,68.0,94,75,11.41
409,Yagodnoye,RU,2020-08-19 02:05:09,62.55,149.67,53.92,68,100,6.49
410,Praya,CV,2020-08-19 02:05:09,14.92,-23.51,80.6,88,40,2.24
411,Callaway,US,2020-08-19 02:01:57,30.15,-85.57,86.0,70,1,8.05
412,Tessalit,ML,2020-08-19 02:04:53,20.2,1.01,92.8,20,0,10.47
413,Panjakent,TJ,2020-08-19 02:05:10,39.5,67.61,60.8,77,0,2.24
414,Lokachi,UA,2020-08-19 02:05:10,50.74,24.65,64.0,98,0,5.5
415,Nizhniy Chir,RU,2020-08-19 02:05:10,48.36,43.09,71.83,57,54,4.41
416,Palmer,US,2020-08-19 02:04:37,42.16,-72.33,66.0,88,40,3.33
417,Comodoro Rivadavia,AR,2020-08-19 02:00:52,-45.87,-67.5,37.4,47,0,11.41
418,Dudinka,RU,2020-08-19 02:05:11,69.41,86.18,66.2,42,8,11.18
419,Khor,RU,2020-08-19 02:05:11,47.89,134.95,67.46,78,67,9.69
420,Acarau,BR,2020-08-19 02:05:11,-2.89,-40.12,77.5,75,65,17.45
421,Tahta,EG,2020-08-19 02:05:12,26.77,31.5,84.2,35,0,11.41
422,Hami,CN,2020-08-19 02:03:42,42.8,93.45,87.26,13,100,5.3
423,Sterling,US,2020-08-19 02:05:12,39.01,-77.43,72.0,78,20,1.48
424,Lavrentiya,RU,2020-08-19 02:05:12,65.58,-171.0,53.47,69,92,6.89
425,Banjar,ID,2020-08-19 02:05:13,-8.19,114.97,80.6,88,40,13.87
426,Marsa Matruh,EG,2020-08-19 02:04:19,31.35,27.25,77.0,78,20,5.82
427,Ponta Delgada,PT,2020-08-19 02:04:26,37.73,-25.67,75.2,88,75,25.28
428,Wolgast,DE,2020-08-19 02:05:13,54.05,13.77,66.0,84,93,5.19
429,Andenes,NO,2020-08-19 02:05:14,69.31,16.12,50.0,93,100,5.82
430,Evensk,RU,2020-08-19 02:05:14,61.95,159.23,48.65,91,100,5.5
431,Reyes,BO,2020-08-19 02:05:14,-14.32,-67.38,79.95,57,26,1.19
432,Jumla,NP,2020-08-19 02:03:03,29.27,82.18,68.16,65,49,0.98
433,Loukhi,RU,2020-08-19 02:05:15,66.08,33.04,44.74,90,40,4.09
434,Sibolga,ID,2020-08-19 02:05:15,1.74,98.78,83.8,66,100,1.25
435,Pallisa,UG,2020-08-19 02:05:15,1.15,33.71,66.88,92,98,3.89
436,Port Shepstone,ZA,2020-08-19 02:05:15,-30.74,30.45,56.25,41,0,23.42
437,Yerbogachen,RU,2020-08-19 02:04:59,61.28,108.01,64.69,42,3,3.47
438,Baruun-Urt,MN,2020-08-19 02:05:16,46.68,113.28,58.73,51,0,8.39
439,Buchanan,LR,2020-08-19 02:05:16,5.88,-10.05,77.0,94,75,9.55
440,Balmazujvaros,HU,2020-08-19 02:05:16,47.62,21.35,66.2,100,40,3.36
441,Yarada,IN,2020-08-19 02:05:16,17.65,83.27,80.6,94,90,10.29
442,Naze,JP,2020-08-19 02:05:17,28.37,129.48,91.4,66,20,5.82
443,Paamiut,GL,2020-08-19 02:05:17,61.99,-49.67,47.03,66,0,7.16
444,Temir,KZ,2020-08-19 02:05:17,49.14,57.13,53.85,64,0,7.81
445,Marystown,CA,2020-08-19 02:05:17,47.17,-55.15,61.0,100,97,8.01
446,Saint George,US,2020-08-19 02:05:18,37.1,-113.58,109.4,10,1,12.75
447,Tiksi,RU,2020-08-19 02:04:30,71.69,128.87,39.87,82,96,11.48
448,Lhokseumawe,ID,2020-08-19 02:05:18,5.18,97.15,80.85,75,100,3.22
449,Narsaq,GL,2020-08-19 02:05:18,60.92,-46.05,48.2,66,0,5.82
450,Chernyshevskiy,RU,2020-08-19 02:02:45,63.01,112.47,66.72,40,45,5.57
451,Grindavik,IS,2020-08-19 02:05:19,63.84,-22.43,51.8,93,75,16.11
452,Kangaatsiaq,GL,2020-08-19 02:05:19,68.31,-53.46,51.91,63,51,8.61
453,Omboue,GA,2020-08-19 02:05:19,-1.57,9.26,74.12,87,100,9.37
454,Manaus,BR,2020-08-19 02:05:20,-3.1,-60.02,86.0,70,55,3.36
455,Necochea,AR,2020-08-19 02:05:20,-38.55,-58.74,37.0,31,0,5.99
456,Merauke,ID,2020-08-19 02:05:20,-8.47,140.33,82.17,54,0,8.05
457,Port Hedland,AU,2020-08-19 02:05:20,-20.32,118.57,77.0,20,0,17.22
458,Ypsonas,CY,2020-08-19 02:05:21,34.69,32.96,77.0,88,0,11.41
459,Fort Oglethorpe,US,2020-08-19 02:05:21,34.95,-85.26,82.4,54,75,2.71
460,Leningradskiy,RU,2020-08-19 02:01:59,69.38,178.42,51.06,51,30,9.08
461,Victoria,HK,2020-08-19 02:01:11,22.29,114.16,80.6,83,75,21.92
462,Biala Podlaska,PL,2020-08-19 02:05:22,52.03,23.12,63.77,91,100,5.21
463,Winslow,US,2020-08-19 02:01:04,35.02,-110.7,89.6,22,1,19.46
464,Kahramanmaras,TR,2020-08-19 02:02:01,38.0,37.0,77.0,65,0,19.46
465,Rorvik,NO,2020-08-19 02:05:22,64.86,11.24,54.7,82,83,8.25
466,Tsabong,BW,2020-08-19 02:05:23,-26.02,22.4,34.03,74,0,9.37
467,Shrewsbury,GB,2020-08-19 02:01:43,52.71,-2.75,59.0,100,100,3.36
468,La Ronge,CA,2020-08-19 02:03:28,55.1,-105.28,73.4,73,20,8.05
469,Carauari,BR,2020-08-19 02:05:23,-4.88,-66.9,78.62,72,93,2.42
470,Mokhsogollokh,RU,2020-08-19 02:05:23,61.47,128.92,65.66,42,31,7.16
471,Kurilsk,RU,2020-08-19 02:05:24,45.23,147.88,61.14,86,100,9.46
472,Kaitong,CN,2020-08-19 02:05:24,44.81,123.15,66.34,61,97,14.29
473,Khasan,RU,2020-08-19 02:05:24,42.43,130.64,83.3,65,0,9.46
474,Guerrero Negro,MX,2020-08-19 02:03:15,27.98,-114.06,79.74,59,1,15.48
475,Apomu,NG,2020-08-19 02:05:25,7.33,4.18,69.94,98,85,2.89
476,Santa Marta,CO,2020-08-19 02:04:22,11.24,-74.2,78.01,88,100,9.15
477,Gizo,SB,2020-08-19 02:05:25,-8.1,156.84,82.72,76,98,5.35
478,Japura,ID,2020-08-19 02:05:25,-0.32,102.35,83.34,70,99,3.78
479,Puro,PH,2020-08-19 02:05:26,12.48,123.38,84.06,76,93,8.1
480,Campo Grande,BR,2020-08-19 02:00:28,-20.44,-54.65,68.0,88,40,9.17
481,Chissamba,AO,2020-08-19 02:05:26,-12.17,17.33,56.5,34,13,6.08
482,Harnosand,SE,2020-08-19 02:05:27,62.63,17.94,62.01,100,73,4.7
483,Banff,CA,2020-08-19 02:01:33,51.18,-115.57,81.0,27,0,8.99
484,Usvyaty,RU,2020-08-19 02:02:34,55.75,30.75,56.03,81,100,4.7
485,Atambua,ID,2020-08-19 02:05:28,-9.11,124.89,85.24,37,55,1.72
486,Ancud,CL,2020-08-19 02:05:28,-41.87,-73.82,39.0,78,10,5.82
487,Hobyo,SO,2020-08-19 02:05:29,5.35,48.53,76.66,85,100,20.29
488,Sukaraja,ID,2020-08-19 02:05:29,-7.45,108.19,76.37,79,91,4.47
489,Huanren,CN,2020-08-19 02:05:29,41.26,125.37,71.33,93,100,2.75
490,Asyut,EG,2020-08-19 02:05:30,27.18,31.18,80.6,57,0,12.75
491,Chapais,CA,2020-08-19 02:05:30,49.78,-74.85,55.4,87,90,6.93
492,Bourail,NC,2020-08-19 02:05:30,-21.57,165.48,74.93,49,25,4.27
493,Zhigansk,RU,2020-08-19 02:03:28,66.77,123.37,53.71,62,30,21.85
494,Horasan,TR,2020-08-19 02:05:31,40.05,42.17,57.09,76,0,2.75
495,Ranapur,IN,2020-08-19 02:05:31,22.65,74.53,75.06,95,100,10.04
496,Bantou,CN,2020-08-19 02:05:31,26.22,117.49,92.84,52,1,1.79
497,Ho Chi Minh City,VN,2020-08-19 02:02:58,10.75,106.67,80.6,83,75,8.05
498,Niquelandia,BR,2020-08-19 02:05:32,-14.47,-48.46,75.13,36,22,3.02
499,Bulawayo,ZW,2020-08-19 02:05:32,-20.15,28.58,52.83,36,0,11.14
500,Camacha,PT,2020-08-19 02:05:32,33.08,-16.33,71.6,78,40,5.82
501,Bida,NG,2020-08-19 02:05:33,9.08,6.02,73.85,94,62,0.81
502,Cesis,LV,2020-08-19 02:05:33,57.31,25.27,53.01,89,4,5.19
503,Aykhal,RU,2020-08-19 02:05:33,66.0,111.5,50.0,93,90,4.47
504,Dwarka,IN,2020-08-19 02:05:33,22.24,68.97,82.65,85,95,14.07
505,Hannibal,US,2020-08-19 02:05:34,39.71,-91.36,73.0,60,1,3.36
506,Bani Walid,LY,2020-08-19 02:05:34,31.76,13.99,77.9,43,0,5.14
507,Yangambi,CD,2020-08-19 02:05:34,0.81,24.43,72.45,88,77,2.08
508,Komsomolskiy,UZ,2020-08-19 02:05:34,40.43,71.72,64.4,88,98,2.24
509,Fram,PY,2020-08-19 02:05:34,-26.98,-55.88,58.44,99,5,1.19
510,Najran,SA,2020-08-19 02:05:35,17.49,44.13,87.8,22,40,3.36
511,Barahona,DO,2020-08-19 02:05:35,18.21,-71.1,81.36,77,2,6.98
512,Ust-Tsilma,RU,2020-08-19 02:02:39,65.44,52.15,50.0,97,100,8.86
513,Nordhorn,DE,2020-08-19 02:05:36,52.43,7.08,60.01,91,0,4.27
514,Port Hardy,CA,2020-08-19 02:03:38,50.7,-127.42,62.6,82,75,5.82
515,Tibiri,NE,2020-08-19 02:05:36,13.56,7.05,80.69,71,27,11.56
516,Iqaluit,CA,2020-08-19 02:05:36,63.75,-68.51,42.8,87,75,20.8
517,Honiara,SB,2020-08-19 02:02:30,-9.43,159.95,87.8,70,75,11.41
518,Peace River,CA,2020-08-19 02:05:37,56.25,-117.29,66.2,72,75,16.11
519,Levashovo,RU,2020-08-19 02:05:37,60.1,30.21,50.0,93,0,3.83
520,Robertsport,LR,2020-08-19 02:05:38,6.75,-11.37,75.45,90,100,12.15
521,Roald,NO,2020-08-19 02:02:54,62.58,6.13,62.6,88,43,8.05
522,Tilichiki,RU,2020-08-19 02:05:38,60.47,166.1,57.45,54,100,12.17
523,Thinadhoo,MV,2020-08-19 02:05:04,0.53,72.93,83.98,69,29,8.16
524,Mantua,IT,2020-08-19 02:03:57,45.17,10.78,70.0,88,0,1.01
525,Aloja,LV,2020-08-19 02:05:39,57.77,24.88,51.01,89,26,4.09
526,Kungurtug,RU,2020-08-19 02:05:39,50.6,97.52,66.65,48,54,3.15
527,Indianola,US,2020-08-19 02:02:50,41.36,-93.56,75.2,47,20,4.7
528,Klyuchi,RU,2020-08-19 02:05:39,52.27,79.17,63.45,53,86,7.09
529,Maturin,VE,2020-08-19 02:05:40,9.75,-63.18,74.37,95,100,2.37
530,Sioux Lookout,CA,2020-08-19 02:03:19,50.1,-91.92,60.8,87,75,3.36
531,Clyde River,CA,2020-08-19 02:04:37,70.47,-68.59,48.2,93,90,6.93
532,Inongo,CD,2020-08-19 02:05:40,-1.95,18.27,71.53,82,0,7.34
533,Solnechnyy,RU,2020-08-19 02:05:41,50.72,136.63,64.33,63,30,2.84
534,Vostok,RU,2020-08-19 02:05:41,46.49,135.88,59.81,96,100,3.27
535,Yerofey Pavlovich,RU,2020-08-19 02:05:41,53.97,121.97,63.32,35,0,6.22
536,Imbituba,BR,2020-08-19 02:05:41,-28.24,-48.67,66.2,93,100,10.29
537,Puerto Colombia,CO,2020-08-19 02:05:42,10.99,-74.95,82.4,88,40,6.93
538,Sabinas Hidalgo,MX,2020-08-19 02:05:42,26.5,-100.17,76.69,72,100,7.54
539,Luganville,VU,2020-08-19 02:05:42,-15.53,167.17,80.6,65,75,5.82
540,Bichura,RU,2020-08-19 02:05:43,50.59,107.6,66.43,51,0,2.26
541,Sur,OM,2020-08-19 02:05:43,22.57,59.53,85.32,66,40,3.13
542,Pierre,US,2020-08-19 02:05:43,44.37,-100.35,82.4,48,1,11.41
543,Lata,PT,2020-08-19 02:05:44,40.16,-8.33,70.0,94,75,3.36
544,Kot Samaba,PK,2020-08-19 02:05:44,28.55,70.47,91.47,57,22,15.1
545,Houma,US,2020-08-19 02:05:44,29.6,-90.72,82.99,94,1,5.12
546,Mirnyy,RU,2020-08-19 02:05:44,62.54,113.96,64.4,42,100,6.71
547,Chara,RU,2020-08-19 02:05:44,56.91,118.26,59.41,41,0,3.51
548,Samarinda,ID,2020-08-19 02:05:10,-0.5,117.15,81.36,81,93,4.74
549,Thunder Bay,CA,2020-08-19 02:04:25,48.4,-89.32,62.6,72,90,2.24
550,Sheksna,RU,2020-08-19 02:05:45,59.21,38.51,39.2,100,0,3.91
551,Abha,SA,2020-08-19 02:05:45,18.22,42.51,71.6,64,20,3.31
552,Sjovegan,NO,2020-08-19 02:05:45,68.87,17.85,43.0,100,90,4.7
553,Caldelas,PT,2020-08-19 02:05:46,41.67,-8.38,64.99,88,99,4.16
554,Taltal,CL,2020-08-19 02:05:46,-25.4,-70.48,51.67,73,0,5.41
555,Nakamura,JP,2020-08-19 02:05:46,32.98,132.93,92.16,50,42,3.96
556,Usinsk,RU,2020-08-19 02:05:46,65.99,57.53,53.51,89,66,8.79
557,Kokopo,PG,2020-08-19 02:05:46,-4.35,152.26,84.83,64,100,13.87
558,Novobirilyussy,RU,2020-08-19 02:05:47,56.95,90.67,59.52,95,100,5.61
559,Fort-Shevchenko,KZ,2020-08-19 02:05:47,44.51,50.26,72.68,66,0,5.79
560,California City,US,2020-08-19 02:05:28,35.13,-117.99,102.2,23,1,13.87
561,Quelimane,MZ,2020-08-19 02:04:24,-17.88,36.89,67.39,79,0,6.11
562,Mumford,GH,2020-08-19 02:05:48,5.26,-0.76,74.8,89,90,8.05
563,Sherlovaya Gora,RU,2020-08-19 02:05:48,50.57,116.25,59.18,58,4,5.91
564,Mayskiy,RU,2020-08-19 02:05:48,47.69,40.1,60.8,67,51,4.47
